<?xml version="1.0" encoding="utf-8"?>
<ExtensionPackages Version="1.0.0.0" Compression="none">
    <ExtensionPackage>
        <Name>HelloWorld</Name>
        <Version>1.0.0.1</Version>
        <Description>Hello World sample.</Description>
        <Components>
            <ScriptComponent Name="HelloWorld" Type="Engine" File="..\Scripts\HelloWorld.js" FilePathKind="RepositoryRelative">
                <FunctionAliases>
                    <FunctionAlias Name="helloworld">
                        <AliasItem>
                            <Syntax>
                                <![CDATA[!helloworld]]]>
                            </Syntax>
                            <Description>
                                <![CDATA[Show HelloWorld greeting.]]>
                            </Description>
                        </AliasItem>
                    </FunctionAlias>
                </FunctionAliases>
            </ScriptComponent>
        </Components>
    </ExtensionPackage>
</ExtensionPackages>